Story_ID,Q,A
467,masomo ni sindu sina,silayi
467,masomo kakhonya mundu husina ,vulamu vyae
467,nolipwa onyala wakula si,omtoka
467,mwalimu yekesia bana sina ,tsihesabu
467,abandu nibasoma sivari,husanda muvulamu
467,masomo khukonya mundu mu,vulamu vyae
467,mwalimu hukesia baana si,tsihesabu
467,abandu nabasoma siwanyala kukhola si,husanda muvulamu vyao
474,ifula igama nende sina ,misala
474,ifula iri iuama vindu kukhola si,vifua
474,matsi karula siala tsiosi vandu vanyala,hufua
474,bari nende isolo tsimenya nyanga tsinga,arubaini
474,baandu bamarachi west vategeme si,ifula
474,ifula igamwa nende sina,misala
474,wa ifula yumao vindu viholanga sina ,vifua
474,matsi nikabula sialo siosi bandu vanyala hukhola sian,hufua
474,huri nende isolo inyala khumenya chinyanga chinga ,arubaini
474,bandu va bamarachi west wategemea sina ,ifula
482,masomo ni sina,malai
482,baandu nosoma balanyala kuwa si, daktari
482,nosoma olanyola si,matongolo manji
482,nyanga  tsino masomo tsina si ,mani
482,wina ahonye bandu bae,nyasaye mwikulu
482,bandu nivasoma vanyala huva sina , daktari
482,tsinyanga thino wenya osome nende sina ,mani
496,sikuli siao silangwa sina,vusire primary school
496,misala kukhola sikuli siwe si,malai
496,sikuli syao baandu kukhola si bilai,marebo
496,baandu huwakuriria sina,tsiuniform
496,sikuli sia siri nende sira silai,vima
496,misala kikhola sikuli siefue khulolekhana indie,malai
496,sikuli siayo bandu bakholanga sina ,marebo
496,vandu balakurirwa sina musikuli,tsiuniform
496,sikuli siabu siri nende sina silai ,vima
1008,serekali yainyie si,matongolo manji
1008,wandera yaburira sina ,abalimi
1008,wandera yatsia muofisi yamukaanda si,kwabalimi
1008,yaandika sina bulayi halala,ifomu
1008,omuse okwo mukaanda kwalangu mbu si,kuseese
1008,wandera yahulila si,abalimi niboopanga
1010,khare khare khuariwo nende wina,omushere
1010,siduyu yaraka tsina,tsinjugu
1010,omushere yaruma siduyu mundalo rina,mwosi kwa khubiri
1010,ni wiina owaruma siduyu mundalo,omushere
1010,khubera sina siduyu siri nedne marwi makhongo ,mushere yakhweesa amarwi
1010,khare khuariwo nende wina,omushere
1010,siduyu siaraka sindu sina ,tsinjugu
1010,khubera tsina tsiduyu siri nende amarwi makhongo,mushere yakhweesa amarwi kasio
1015,ni bulware sina obwatsaka omwosi kwa khurano,korona
1015,serikali yarusia siina karona nibuakhetsa musibala,malako
1015,ni wina owaboola mbari bikuli biikalwe,uhuru kenyata
1015,korona yatsaka mwosi sina,khurano
1015,khubera sina bikuli biekalwa,korona yetsa mukenya
1024,sikuli syao siri nende valimu si,vasavi
1024,valimu vamanya kukhola si,huekesia vilai
1024,sikuli siefue siri nende tsikilasi tsinga ,8
1024,sikuli siao sikhola sina sana,sienyala
1024,khuvera siumao siahaishira kusi,murisivo
1024,sikuli siao siri nende sina ,vasavi
1024,balimu vamanya huekesia indie ,huekesia vilai
1024,sikuli siri nende madarasa tsinga,munane
1029,omusiani yakhera sina,obusuma
1029,musiani yekhera obusuma nende sina,omena
1029,omusiani asomanga musikuli sina,bujumba
1029,ni wina owakhera obusuma nende omena,omusiani
1029,khulua sina omusiani yakheera obusuma,nibulahyi
1029,sikuli ya omusiani ni yina,bujumba
1036,kuhu arume omwana atsie ena,avake chinjugu
1036,natsia  nanina si,msala mkhongo
1036,nakaluha ohuri naira ena,ingo
1036,mama atsia ena,mjikoni
1036,bwana olare olare yenyaho hulura,tsimbiro
1036,omwana yatsia kuvaka sina,chinjugu
1039,hale hale yaluo wina undi,mhasi
1039,tsiolanga tsinyanga tsia huchesa ,chinjugu
1039,nibaola mundalo banyola si,chinjugu tsiumao
1039,mama yavorera mwana atsie ena,asudie muriro na hamuna
1039,vahamala varaho matsi ka si,vusuma
1039,hale yaluo wina,mhasi
1046,mshere yari yamenya nende wina,abeetsukhulu
1046,omwitsukhulu yaria sina esidong'ere,amafura
1046,mushere yari niyamenya nende abeetsukhulu banga,badaru
1046,omushere yarula natsia ena,khuringa ebiakhuria
1046,khubeera sina kukhu yatsia khumulakusi,khumanya mbari wiina yaria ebiakhuria
1046,mshere yamenyanga nende wiina,abetsukhulu
1046,kukhu yarula naatsia ena,khusiiro
1046,mulakusi yaberesia mushere sina,musala
1046,ni sina esia mundu yaris munyumba ya mushere,mafura
1046,khubeerasi mshere yatsa khumulakusi,khumanya ni wina owaria ebiakhuria
1046,wina yari yamenya nende mshere,abetsukhulu
1049,mama mulai ashira wina,baba
1049,mirimo kia ena mama ashira baba,mjikoni
1049,ifiisi msikuli wina ashira mwingine ,baba 
1049,inyanga youfuamama kukhola si ,okonyola niyehale
1049,inzala iluma wina ari mulai kushira mwingine ,mama
1049,mama mulai ashira wi,baba
1049,mama ashira baba mirimo sina ,mjikoni
1049,wina ashira mama mu ifiisi msikuli,baba 
1049,inyanga ya hufua mama akholanga sina ,okonyola niyehale
1049,baba shira wina inzala niluma,mama
1074,msialo muno mundu are nende busi hu akhole sindu ,huuria
1074,nyanga yaristingi vuluaye indi si,imbi
1074,batangasia niihula saa moja mundu abeena ,mdala mwefu
1074,omuruki yaboola mbari saa ndala abandu babe yena,mudala
1074,khubeera sina abandu babe nibeerukha khutsia ingo,baranyolua nende abasikari
1074,khusialo khuno muri mundu ari nende sina ,khurira
1074,inyanga imbi yari omwosi kwa khunga,khusasaba
1074,bandu batsaka khuirukka saa moja nende tsidakika tsinga,tsirano
1074,balola wina nde mirondo ,vaskari
1074,nirula saa moja ari nende wina nibarula mudala,muitsa
1074,buluare sina obuabakho khu inyanga imanu eyoo,korona
1074,balola wina nende mirondo ,vaskari
1074,norula saa moja obe nende wina ,muitsa
1074, vavola wina alava nende mirondo,vaskari
1077,khare khare yariiwo wina,omusiani
1077,omusiani khasiyajamanga khukholwa sina,khukererwa
1077,omusiani yanyorekha nende imbusi ya beene khu tsinyanga tsinga,ekhumi
1077,baira omusiani mu sidwariro sia ena,murumba
1077,khubeera sina abesbusi ba musiani baboya mukoye munda,amakhuwa khasikaba amalayi
1077,khare yariiwo wina,omusiani
1077,omusiani yanyorekha nende sina,imbusi ya beene
1080,ni sindu sina esia omwemeresi aborere mbu sitsaka,emibayo
1080,mibayo kitsaka musikuli sina,esiefwe
1080,emibayo kitsaka muosi sina,kuno
1080,wina balabaya emibayo ,ababayi 
1080,khubeera sina beerukhi ba tsimbiro batsake khuetayarisia isaino,ili banyole bikombe bia bukhiri
1080,sikuli sialangwa si,vujumba
1080,sikuli sinyolekhana ena ,mulukhongo bwa vumala
1080,ajama sikuli syae huvera si,siholanga vilayi
1080,sikuli siayo siwakhanyolamo si,makokha
1080,valimu vao vaunanga tsaa tsinga miskuli,ithuri
1080,sikuli syao sialangwa si,vujumba isekondari
1080,yatsama sikuli siaye huvera si,siholanga vilayi
1080,sikuli syao sionyolamo,makokha kose vunyasi
1080,valimu vao vaunananga saa tsinga ,ithuri
1231,obulware bwarula ena,china
1231,bwachaka omwesi sina,3
1231,nibamalire kupima baandu huambukisia balali,mndege
1231,abandu bari ena bafutwa,mirimo
1231,bulana yenya wina akhonye sialo sia,nasaye 
1231,bwachaka omwesi si,kwadaru
1233,abaana bakhana basomesebwanga nende wina,kukhu
1233,abana basiani beekesiabuanga nende wina,abakuka
1233,abana bakhana beekesibwanga nende bakukhu ebindu binga,bingi
1233,amasomo kalomalomerwa kaba aka rina,khare
1233,amasomo kekesibwanga endye,khubirira khu tsingado
1233,wina khusomesebanga abaana bakhana,kukhu
1233,wina yekesianga abana basiani,abakuka
1234,yaruo mundu alangwa endie ,werimo
1234,yari nende miandu kushira wina,ekiemiruko
1234,vaasani vetsere yari akohala si,akonere
1234,werimo sinyala si,okhunyahama
1234,babola baba olwa ori ahambi si,khufwa
1234,yario mundu alangangwa wina ,werimo
1234,basiani nga vesta ari akholanga sina ,ekiemiruko
1234,yari akholanga sina ,akonere
1234,wairimo siahanyala si,okhunyahama
1235,yari inyanga ya si,inyongesa
1235,khuaba khutsire mu esiselero sia wina,achxi
1235,musiani yasamba inzu yaye bikha sina,itsuri
1235,ithuri kata sina nisiri,idaywa
1235,muhasi siyenya kuma sina ka kivyere anada,mirimo
1235,yari inyanga sina eya khasindakhebirira,inyongesa
1235,musiani yakhola si khubera siniro yakhoya khukonyera ,yakhaya
1235,vadia vana vakhola si,varukha 
1235,ithuri kata sina nisisiri khukholiokha,idaywa
1235,mukhasi siyenyanga hukhola sina ,mirimo
1235,vadia vana vakhola sina,varukha 
1235,omusiani yakhole endie abakofu,yabakhuya
1235,khubeera tsina musiani yasamba inzu yaye,yatsia khumenya nairobi 
1236,misala misabi kiarwangwa sina,tsimbao
1236,misala kireranga sina,ifula
1236,ifula irerwa nende sina,emisala
1236,"are nende ifula, misala kireranga sina",emiuya
1236,khubeera sina abandu barakanga misala,khunyola ifula
1236,musialo sino khuli nende sina,tsimbia
1236,misala mingi kiarwanga sina,tsimbao
1236,emisala kireranga si ,ifula
1236,emisala kibetsanga nende ebiana kama,mapera
1236,emisala kikasia sina syakudekha,makaa
1236,khuri nende tsimbia tsinga etsia misala,tsinyingi
1241,yaba inyanga lwa sina khwekhorekha,arusi
1241,arusi yakalukhana yaba sina,viita
1241,arusi yabaakho ludalo sina,lwakhubiri
1241,yaba arusi eya wiina,naliaka
1241,khubeera sina ndaruuma mubasi,ndari sianinakho ibasi
1241,arusi yakalukhana yaba si,viita
1244,kuka yari sina ,yahera
1244,kuka yari mukhongo wa si,madala
1244,ahuba sina tsimakana ,tsimbungu
1244,nyanga si ayarisie muvuyarisio,ndari
1244,aruma kuhurula ena,khusitanda
1244,kuka yari yakhola si,yahera
1244,akhubanga sina sia makana ,tsimbungu
1244,inyanga si si ndari ndiyarisie mumairisho,ndari
1247,bandu bahera sina  sana,vyakuria
1247,vyahudaru ni vya,kinga
1247,vyakuria vya huviri ni,vyajukasia mviri
1247,mama ayamba sina,ingoho
1247,avuria mpaka ashirwa kukhola si,huwamq
1247, biakhulia biakhudaru ni bia khuba sina ,kinga
1247,viakhuria bia khuviri ni biasina,vyajukasia mviri
1247,mama alamba sina ,ingoho
1251,bari bahale ena,asi
1251,kukhu yachaka hurueresia si,lukano munae
1251,batsia mumwalo kukhola si ,kudaya matsi
1251,anyola mumwala bandu bakhole si ,betsule
1251,mukhana yecherwa nende bakeni,bahongohongo
1251,behala ena,asi
1251,bataya matsi ena,mumwalo
1251,banyola mumwalo bandu nibakhola si ,betsule
1251,mukhana yathenderwa nende vatheni si,bahongohongo
1255,mama yae ni wina ,malai
1255,mama yae ahera vandu si da,vavi
1255,mama ya mbora balastia ena,hukenda 
1255,mama waye yamukurira sina,tsingubo nende vilaro
1255,mama yae yadonga ena,mdala
1255,mama waye ni wi,malai
1255,mama waye yakhera vandu sivari sina da,vavi
1255,mama yae yamkulia si,tsingubo nende vilaro vilai
1259,sikuli siange siinjekesianga olwa abandu bakhoyere bafuale sina,tsingubo
1259,sikuli siefu siekesianga khusoma nende sina,khuandika
1259,sikuli siefu siri nende baalimu banga,bangi
1259,sikuli siefu siri mukaunti sina,busia
1259,khubera sina ndayanza sikuli siange,siimberesianga amakesi
1259,sikuli siefu siri ena,busia
1261,omwaka kwa  corona ni sindu si,sivi
1261,korona siarula ena,china
1261,rais ndahahongere bandu kuingiri ena,thindi
1261,corona idiranga wina lwangu ,baandu
1261,corona yadira rais wa sialo si,tanzania
1261,korona yarula yena ,china
1262,wina waye yarithalika mulukendo,mwitsa
1262,arukula matsi itsuri na kuoosia ena,vweni
1262,akhole si alafu akatsia mdala kufuala tsinguvo,asinge
1262,mwitsa waye yariakasisie sina,vyakuria 
1262,babolwelwe vyakuria ni vya wina,vakeni
1262,wina waye yamulanga mulukendo,mwitsa
1262,yavukula matsi isturi nakosia ena/,vweni
1262,akhole sina alafu atsie mudala khufuala tsingubo,asinge
1264,ndari ndara sina mumarwi,ipamba
1264,ni wina owaamborera mbari ndarinangwa musikuli,mama wange
1264,abandu banga bari khumwanda,abandu bangi
1264,omwandiki yari natsia ena itsuri eyo,musikuli
1264,khuberasina ng'ina mwandiki yamuborara mbari araunanga khusikuli,ingira khasiibetsanga indayi khaba
1264,abandu bangi bari ena,khumwanda
1265,sina siarula ingerekha,buluare
1265,abandu bafuale si,tsibarakoa
1265,ni bahuerehana nende ako abandu bakhola si,bafua
1265,sina sifungwe,makanisa
1265,uno yenya sina ilonde sa meko,ifamilia 
1265,obuluare bwa rula ena,ingerekha
1265,abandu bafuale sina,tsibarakoa
1265,uno yenya sina ilonde emeko,ifamilia 
1267,abeefi bakhola sina,baruingirira
1267,baba yari naatsire amasika ka wina,kukhu
1267,abefi baruingirira inyanga sina,olwakhurano
1267,abefi baruingirira bikha sina,sijiambo
1267,khubera sina ndalama nisiakona,nyasaye amberesia khukona khulayi
1269,yari inyanga ya khotsa khuria sina,arusi
1269,imutoka yaruira murikanisa eria ena,butunyi
1269,imutoka yaruira murikanisa ria ena,butunyi
1269,amare kaandonya bikha sina,ebia khukhenga ikeki
1269,khubeera sina khuatsia mukanisa ria butunyi,khotsa yari acha khuria arusi
1269,khotsa yaria sina,arusi
1269,khotsa ari aria sina,arusi
1269,khotsa yaria arusi inyanga sina,jumamosi
1269,luari inyanga ya wina khuria arusi,khotsa
1269,yari inyanga sina eya khotsa yaria arusi,jumamosi
1269,khubeera sina baamberesia ikeki ikhongo,ndari ndende olwikho nende khotsa
1269,arusi yari inyanga sina,jumamosi
1272,boosi banyala ena,mwisomero lifwe
1272,abukha mumabwibwi na kukhola si bilai,kukasia
1272,odokano yachelewesia bandu huvera si,yari ne rikaratsi 
1272,omwechesi wao yadiriwa endie ,eririma
1272,buli aina ya si tsiariwo,omokhongo
1272,odekaro yachelewesia bandu khubera si,yari nende rikaratsi 
1273,khuaba nikhubayanga ena,muluanyi
1273,nga khuajong'a khubaya khuikala asi wa sina,musala
1273,ni wina oweema khuringa mbari wina yeengira mudala nende mutoka,fuesi
1273,alaka yerukha khutsia khusangarira wina,abakeni
1273,khubera sina alaka yeerukha natsia munyumba,khubola mbari bakeni bari ruanyi
1273,ni wiina owiirukha khutsia khusangarira abakeni,alaka
1275,kuaruo ifisi nende ,siduyu
1275,siduyu siachaka isafari kutsia ena,msino
1275,siduyu syeruha tsimbiro huringala wina ,vana vae
1275,wina alange sidiyu kusima vana vaye ,ifisi
1275,stori siaye sianyangino ni sia ina nende wina ,ifisi ne siduyu
1275,siaruo ifisi nende si,siduyu
1275,stori syae syangino endie,ifisi nende siduyu
1278,jumamosi arula msikuli na kutsia ena ,mdala
1278,yanyola wina narira,mhana
1278,masika kediha nga si,matsi ka mtaro
1278,wina abere alomaloma nivangisia mnyumba ,mama
1278,vandu vambola baba yae akhola si,afwire
1278,niingira nianyola si,mhana arira
1278,bandu babola baba waye akholere si,afwire
1279,mungokho muri nende sina,imondo
1279,boosianga imundu nende amatsi kari karie,malafu
1279,wina akorua sinlu sia ingokho,abandu
1279,imondi iribwangwa nende abandu banga,mulala
1279,khubeera sindu imondo ni ya mundu mulala,ni indindi
1279,imondo inyorekhananga ena,mungokho
1279,baria abandu abakorua sina sia ingokho,bunulu
1280,mwalimu ababola buluaye bumala bandu banga ,barano
1280,bwadodo bwa wina hwakula ,were
1280,yola tsinyanga sina tsifungwa,tsikanisa
1280,kata sina nibaya bandu bala ,tsisalamu
1280,bandu behala mmadala mwao muesi tsinga,9
1280,mwalimu yabaorera buluaye bumala bandu indie,barano
1280,ni sina tsiafungwa,tsikanisa
1280,nibehala mmadala mwao zaidi ya mwosi tsinga,tisa
1282,khare khare yariio wina,omuinda
1282,omuinda yalaangibwa mbari wina,makesi
1282,olwibulo lwa makesi lweehikha khu mirimo nende sina,burimi
1282,makesi yasomia abana banga,bosi
1282,khubera sina omukhana wa makesi khasiyaurisanga amakhua khaba,yari omukhana owa obweni bulayi
1282,khare yariio wina,omuinda
1283,sikuli sya silangwa si,sirikhaya 
1283,valimu vao vari nende si,tsindigiri 
1283,niungira mumahuwa olanyola si,vikombe visavi
1283,bakhola tsikosi tsiauahane si ,mirimo
1283,nibalondehana nende matoke ka mwaka si,khawere
1283,wina vari nende tsindigiri,valimu
1283,bakhola tsikosi tsiaukhane balakhola si,mirimo
1283,nibalondekhana nende matokeo ka mwake si,khawere
1285,imbosi ilomalomera obukhonyi bwa sina,emisala
1285,omusala ni omumero kuaka kurie,murambi
1285,emisala kikhayiranga omuyaka nende omukhula kwa sina,amatsi
1285,sitsakha sia misala sikhonyanga wina,ebisolo
1285,khubera sina tsinyumba tsikuisibwanga mutsingongo,tsingongo etsio tsibula misala
1286,kwali mwaka kwa tsielfu tsinga ,tsibiri
1286,omuruchi wa sialo sia hena yarusia omulango,kenya
1286,vindu sina voosi vemibwa ,ebukuli/mukanisa
1286,elia basungu abali america bakhole si,bafuiranga 
1286,wina akhonye sialo sia kenya ,nyasaye
1286,wina wa sialo sia kenya arusia omulango,omuruchi
1288,buluare bwa korona buatsakira imbeka sina,wuhan
1288,buluare bwa korona bwatsaka mwika sina,2019
1288,kenya yanyola sina omwika kwa 2020,muluare waamberi
1288,abandu bakhoyere khuesaba nibarumikhira sina,sanitaiza
1288,khubera sina ebindu biosi biekalwa,buluare bwa korona buariikho
1288,buluare bwa korona buatsakira hena,wuhan
1289,omundu yarulanga mulukongo lwa abandu ba wina,nyasaye
1289,omundu khasiyande nende sina,omwoyo mulayi
1289,ni wina owakhaya makhua ka khuirusia omundu,muguru
1289,abandu bajamana khukhola endie omundu oyo,khumwirusia
1289,khubera sina olukongo khasilwakhera omundu khaba,yari nende omwoyo mumanu
1292,wina amnangire ,obwibusi
1292,obulayi ola kwanza ena ,oluchendo
1292,oluchendo wawina wari nende tsishida,waye
1292,obevibusi waye yarinda yalola sinyenyanga hukhola si,huvura imutoka
1292,bakhola si kwa mutoka mpaka vamala,vawarinda
1292,oluchendo lwa win alwari nende tsishida ,waye
1292,mwibusi waye yarinda yalola sienya hulola si,huvura mmutoka
1757,sikuli siefwe siri mu kaunti sina,busia
1757,sikuli siefwe siri nende abaana banga,540
1757,sikuli siefwe siri nende stikilasi estiumbakhea endie,etsia makina
1757,sikuli siri nende indalo eya sina,khurima
1757,khubera sina sikuli siefwe siri nende siguri sikhongo,abana babairangamo
1758,sikuli siao silangwa si,dadira
1758,bari valimu banga ,ekhumi 
1758,sikuli siri nende vahana nde ,vasiana 
1758,headmaster alangwalangwa arie,hagain oboya
1758,nende mdidi waye alangwallangwa ,patrick sidakwa
1761,hale hale msatsa nende wira vajamani,muwasi
1761,muhasi yafwala ingubo si,imdayi
1761,musatsa yafwala sira,isuti
1761,vaandu varia si,ikeki
1761,harusi yarinende mahuwa si,maliya
1761,musatsa yafuala sina,isuti
1762,hale hale hwari nende haduyu nde ,rihudu
1762,wina yashira tsimbiro,haduyu
1762,wina abola isolo yosiyosi yashira tsimbiro ,inzofu
1762,haduyu naho nga hari si,hajanja
1762,haduyu havira handi ingira ena,inyimbi
1763,omwana yalira si,masio
1763,omwana yamenya nde wi,mama waye
1763,omwana nde mama batsia ee,munduri
1763,mama waye ari mpaka si,inda yae yoma mana
1763,nasio yakulusia si,muruimbo
1763,mama waye yaria mpaka si ,inda yomamana
1765,omwana yatsia khukenda nende wina,ng'ina
1765,omwana nende ng'ina batsia khukendera wina,senge
1765,senge yabola mbari ingokho ni ya wina,mwana waye
1765,wina yabola mbari amina yeebera ingokho,omusatsa
1765,khubera tsina chifu yaba nende tsisoni,yabona senge
1767,siduyu nende imbwa bamenyanga alala mwesi sina,khare
1767,siduyu yabukula sina eisa yaremera mikhinga kia tsing'ombe,lupanga
1767,siduyu nende imbwa tsiari nende tsing'ombe tsinga,tsinyingi
1767,siduyu siatsia nisiikhala ena,musikuri
1767,khubeera sina imbwa yakhaya khuaya tsing'ombe inyanga mdala,yaboola mbari ijong'ere
1768,hale hale buri nende sina,msherehe
1768,mnyamba yekika si,kunani
1768,kuhu yalalo,risa
1768,lwangu lwangu solanyola ,thihavi
1768,isina kurula yari wa kwanza ,marebo
1768,esina khurula siari sia kwanza,marebo
1769,khare khare khuariyo nende sina,siduyu
1769,siduyu siamenyanga nende wina,kukhu
1769,siduyu siatsa khuraka tsinjugu ena,mundalo
1769,siduyu siakhola sirye tsinjugu tsa khuraka,siaria
1769,khubeera sina bakhuya siduyu,sieba tsinjugu
1774,khale awo bariwo bahana banga ,mlala
1774,yari yamenya nende wina,kukhu
1774,yanavanga tsingeni na avikha si,mapesa 
1774,yahola endio mpaka mapesa ,kahayera 
1774,isina kurula yari wa kwanza,marebo
1774,khale awo bariwo nende si,ochuoli ochuoli
1774,ifisi nende wina varitsingi vamenya,rinani
1774,ifisi nende rinani vari vekisirie humukuiria nivaria sina,vana
1774,saa tsidaru ngatsiola ni vana vahola si,vavuha 
1774,esina khurura siari sia kwanza,marebo
1774,yari yamenya wina,sande kukhu
1774,ifisi nende rinani vari vekisire khumukuru nibaria sina,vana
1774,vuluno mama luria yari arula ena,mndalo
1775,khare khare khuabetsanga nende wina,omukhana
1775,omukhana yakhayanga sina,khusererwa
1775,omwana wabu mukhana yalangibwanga wina,sigufu
1775,abatseni beetsa yena,mungo
1775,sigufu yalanga endie mukhana wabu,yamwimbira olwimbo
1777,hale hale hwario nende si,ochuoli ochuoli
1777,ifisi nende wina varistingi vamenya ,rinani
1777,ifisi nende rinani vari vekisire humukuria nivaria sina,vana
1777,saa tsidaru ngatsiola ni vana vahola si,vavuha
1777,vuluno mama uria yari arula ena,mndalo
1777,ifisi nende rinani vari vekisire khumukuru nibaria sina ,vana
1778,mkhana yalangwa mbu wi,rosie
1778,yari yamenya sa sina ,ngakukhulungene
1778,mkhana yaola sa mukilasi si,khusasaba
1778,yatsia hukusia ,maremwa
1778,nivarereva ngakukhulungene si,tsing'ombe
1778,yari yamenya nende wi,ngakukhulungene
1778,yatsia khukusia sina,maremwa
1783,hale hale hwario nende wi,muhasi
1783,naatsia waye naharutsia nende si,mwiko
1783,avetsanga yehale ena ,muliango kwaye
1783,mkhasi yadumanga si,ichumbi
1783,omuhasi oyo hariyarisia vandu vangi ena,msialo
1787,khare khare khuario nende isolo sina,isimba
1787,isolo sina eyari nende omwana wayo,ing'ombe
1787,mwana wa ing'ombe neende omwana wa isimba bari nibakhola sina,nibabaya
1787,ing'ombe yaborera omwana wayo khutsia ena,esialo sindi
1787,khubeera sina omwana wa ing'ombe yatsoma omwana wa isimba,bari nibabayanga
1792,hale hale wari nende wina ,wanjofu
1792,mumwalo vesave vatsia ena ,mumwalo
1792,bambolere akalukhe sina nde inyama,vilai
1792,wanjofu ari arila sina nde inyama ,vusuma
1792,wina akalukhe navukeni nanyola wanjofu amalire kula,wajolijali
1792,wina yakaruha nanyola wanjofu amarire khuria bukeni,wajolijali
1805,inyanga ndala mama yakova a wina waye,senge
1805,oyo ajama khukhola sina senge ,kuria
1805,inyanga ndala akhola si lwangu,aria
1805,mwana alarera si,madumwa
1805,huvera yowa wajama kudong'a ena,husideru
1805,khuvera ewe wajama khudong'a ene ,husideru
1806,hale awo ni siri indie,indidi
1806,ahamanya nde iwna waye,kuhu
1806,natsia mshughuli akirana nde wi,msatsa ari nende mapesa 
1806,ndamenya naye mpaka amala si,muskuli
1806,kuhuri yabola wina ni mulai,were
1806,natsia mushuguli akalukhange nende wi,msatsa wa mapesa 
1811,msungu wange arinde sirenge silala,ovwova
1811,iroho yange irereranga mumavwa,rinanasi
1811,inyumba yange iuma ridirisha ,ribuyu
1811,mlima kuri nende misala kia rateng ,murwe
1811,hasunguha hakingire indovu,ireli
1811,ingokho yange ireranga mumawa ,rinanasi
1813,nyanga ndala abere akhole si ,asangale sana
1813,ibere inyanga si ,krismasi
1813,abere angasirikie wina,mkhana
1813,nibachaka hukenda nibahuba si,istori
1813,kuhu ari adehere sina,omena nde vusuma
1814,omwandiki ni omwana wa bandu sina,abalukhya
1814,omwandiki alulanga ena,dadira
1814,omuandiki yanyola amatongolo naatsa ena,khusia
1814,mama yalama khu wina,nyasaye
1814,khubeera sina mama yauka lukaru ,omwandiki yari naadorere amapesa mangi
1815,inyanga ndala ndari nikhorere sina,ninjibulwe
1815,ndari ngorirwe mbari khuri nende sina,amapesa
1815,ni wina owatsia khudekha,mukhana wefwe
1815,ndari ngoribwe mbari nyinyikhana njie ena,musikuli
1815,khubera tsina ndaba ningoribwe mbari khubula amapesa,ndari niisiri mudidi
1817,khare khuario nende wina,mufalume
1817,mufalume yaba nende wina,mukhasi waye
1817,mufalume yalula nende abarindi bikha sina,itsuri
1817,mufalume yari niyeekhale ena nede barindi baye,mubueru
1817,mukeni yeetsa khukhola sina owa mufalume,khukoonya mirimo
3329,khuaberesibwa olumarachi nende wina,nyasaye
3329,khualongibwa nende wina,nyasaye
3329,olumarachi luachakisibwa nende wina,abakuka befwe
3329,noosoma onyala khunyola sina,mirimo
3329,khubera sina ndakhasomere ndaba mukhongo owa lumarachi,khansindakhaluibirara dawe
3330,khumeera nangwa wina,phyllis wasande
3330,ndula lukongo sina,nyapera
3330,owimbo lukhare luabolanga mbari sina,olumbe chokora
3330,tsisolo  stiario bikha sina,khare khare
3330,khubeera sina ndajama lumarachi,abeebusi bange ni bamarachi
3332,mukhana yalidekha ena,mumanoni
3332,mkhnana atsia ohunava nde si,avasie
3332,mkhana anzivirire si,isimbi
3332,mkhasi abukule si,isuenene
3332,baadila ni banyola ni si ,nivisiro
3337,khumera nangwa wina,mosx omox
3337,somanga musisomero sina,bukati
3337,somanga musisomero sina,bukati
3337,mwalimu wefu owa sayansi arulanga ena,butula
3337,khubera sina khueyanga tsikilasi,khube nende bufai khumubiri
3337,nomanomanga lusungo sina,olumarachi
3337,mosx omox ari nende emiika kinga,ekhumi nende kidaru
3337,ndi nende emiika kinga,ekhumi nende kidaru
3337,mwalimu wefu wa ikilasi alanwa wina,perx mulx
3337,khubeera tsina ndeenya khusoma nende amaani,khunyola maksi mia tsine nibidinyu
3338,"olumarachi ni sindu sia ,du ahoere ",alomalome
3338,mzee waye ajama huruka si ,aina ya tsiolo
3338,esie nende abandu ba ingo khumanyikhe nende erira sina,onyango
3338,inzofu yaliikonere ena,asiwa musala mayifu
3338,khubera sina abamarachi bakhera ebisolo,bibarereranga inganga
3338,olumarachi ni sindu sia mundu akhoyere akhole sina,alomalome
3338,omumarachi anyola sina khurula khu tsingokho,amabuyu
3338,tsisolo tsirie tsimala huhula,tsinendi
3338,ingokho ikusubuanga tsishilingi tsinga,makhumi imia nende esindu
3338,maranga ahaire kukola si eria,kuharalo
3341,ndeebulwa mulukongo sina,ebumarachi
3341,khare khwari nende orusolo runga,rubiri
3341,orusolo rwamenyaga ena,musino
3341,abana ba ifisi beebanga sina,amabere
3341,khubeera sina ifisi yiira ng'ina,siduyu siamubatsirisia
3344,olumarachi  ni si,lusungo olwa bamarachi
3344,mukaunti si khulinende bamarachi bangi,busia
3344,ikaunti ya nairobi ikholere sina kwa bamarachi ,yabajirisia
3344,abamarachi benya khuba si,matajiri
3344,olumarachi ni luluga lwa bandu banga,banji
3344,ikaunti ya nairobi ikhorere sina khu bamarachi,yabajirisia
3345,olumarachi lusungwangwa nende wina,abaluhya
3345,abaluhya balomalomanga olumarachi balulanga ena,ebumarachi
3345,olumarachi lusungwangwa ena,mudala
3345,ena owa baalimu bakhaya abandu khusunga olumarachi,musikuli
3345,mpaka mundu akelerwe endie nde mundu amanya lumarachi ,akesivuwe
3345,olumarachi ni luluya lulomwalomwa nende baluya barulae,vumarachi
3345,ni si hudeha husunga ,vidinyu
3345,alafu handi ndihua si,ndindi
3345,inyala ndala kose tsibiri no si mahua kiasi,odirire
3345,khubera sina omwandiki yakheendesia khulomaloma olumarachi,mwekesi waye yakhaya
3345,inyanga ndla kose tsibiri ni makuawa kiasi,odirire
3348,somanga musikuli sina,bukati
3348,ndulanga mulukongo sina,nyabera
3348,olumarachi ni olusungo lwa wina,beebusi bange
3348,khukhu wange yeebulwa ena,bumarachi
3348,khubera sina ndajama sisomero siange esia bukati,nyoolanga amasomo
3348,khukhu yeebulwa ena,bumarachi
3349,olumarachi ni olusungo lwa wina,abeebusi bange
3349,omwandiki alangwa mbari wina,everlyne ogolla
3349,abanduu banga basunganga olumarachi,bangi
3349,abandu banga abalomalomanga olumarachi,abandu bangi
3349,khubeera sina everlyne asunganga olumarachi,baruo ababdu bakorua oluswairi
3349,mumeera kange baananga wina,everlyne ogolla
3349,sunganga lulimi sina,lumarachi
3349,everlyne yamanya olumarachi khutsakira yena,mubutiti buaye
3349,bikha birina ebia abandu balomalomanga olumaratsi luong'ane,khare
3349,khuluasina ebureka befwe abandu bangi basunganga lumarachi,beelanganga mbari abamarachi
3351,nibatsia mulukongo banyorere si,bandu bangi
3351,nibarire keki si,indai
3351,anyole wina yehale asi we msala,vevusi
3351,wina yawarere vyakuria vilai,babu wao
3351,wina amkurire tsiuniform,hotsa
3351,wina yabarerere viakhuria bilai ,babu wao
3352,oyo atsia kuvusia wi banywe ichai,vevusi
3352,ari yenya kutsia yakhole si,yesava inafasi
3352,ajitayarisia na kubukula si,vitavo
3352,achaka sina saa kumi,lukendo
3352,yari ena saa mbili,msiro
3352,oyo yathia khubusia wina vangw'e ichai,vevusi
3352,yetayarisia nabukula si,vitavo
3356,lusungo lwa omwaandiki ni olurina,olumarachi
3356,inono ya mwandiki ni eirina,omufofoyo
3356,abandu balamanga ena,mukanisa
3356,olumarachi ni lusingio lwa wina,oluefu
3356,khubeera sina omwandiki yajama olumarachi,ni lusungo luabwe
3359,eriira riange ni wina,mishell
3359,musikuli khokholanga sina,khusomanga
3359,khusomisibuanga nende wina musikuli,baalimu
3359,khusomeranga yena,musikuli
3359,khubeera sina lumarachi niludinyu,mamange khasiyaanjekesia khaba
3361,olumarachi ni lugha si,lwefwe
3361,khuri nende bandu si bamarachi lakini bamenya lumarachi,kuriwo
3361,ng'ina omwandiki adeekhanga itsai nende sina,maandasi
3361,bari nende wi,bebusi
3361,wina alomaloma marachi naye,baba waye
3361,khusunganga olumarachi ena,mudala
3361,marachi bafuma lukari khusina silayi,lukhayo 
3361,marachi hufuma sana ena ,miukogo
3361,omwandiki ni omundu sina,omumarachi
3361,khubeera sina khusunganga olumarachi,lukeranga nikhuuririsania nende abandu
3362,oyo anangirwe wi,ezei
3362,wina ahubirwe si,imbaha
3362,msivitali vakurira si,misala
3362,mkutano ibeere ena,mkanisa
3362,oyo aloma lumarachi nde wi,mhana wefu
3362,musivitali bakurire si ,misala
3364,inyanga lwa khasindakhebirire lwaba inyanga sina,oluakhusasaba
3364,khuaba munyumba ya khotsa nikhulola sina,ing'ang'arira
3364,abaandu banga ababa khusiribua,abandu bangi
3364,khuluasina abandu baba nibeetsule khusiribua,omundu yaba afwire
3364,khubera sina baba nibakonisye omundu asi,yari naafwire
3365,eriira riange rilangwa wina,lavenda juma
3365,lukongo lwabu lavenda juma ni ena,nyapera
3365,samwana lavenda akholanga mirimo sina,ekia khurima
3365,lavenda baruka tsing'ombe khu ndalo tsiweka tsinga,20.5
3365,khubera sina khuatsia owa khotsa,khumukendera
3365,erira riange ni wina,lavenda juma
3365,lavenda juma alulanga lukongo sina,nyapera
3365,ng'ina lavenda ni wina,kalafa akinyi
3365,khuatsia khukendera wina,khotsa
3365,khuatsia owa khotsa khubera sina,khumukendera
3365,khubeera sina lavenda asaba abandu balomelome olumarachi,ni olusungo lulayi
3368,khuri khutsa khuiba sina,mizabibu
3368,wiina yaamborera mbari ndareebanaga,mama
3368,inyanga lwa khasindakheebirire luaba inyanga sina ,oluakhune
3368,mhana wefu yakula mizabibu ena,khusiiro
3368,"olwa khuamala khuiba mizabibu, khuerukha endie",khuatsia khusiiro
3368,wina yamborea mbu ndirebananga ,mama
3370,olumarachi ni lwa wina ,bamarachi
3370,olumarachi luri nende si tsinyingi,tsinono
3370,tsinono silala ni kama si,abafofoyo
3370,kuri nende ikanisa si,ya batakatifu
3370,inyanga si ominarachi wa baluhya yetsa,indi
3370,inono ndla ni kama si ,abafofoyo
3373,memera anangwa wi,carox
3373,luluga luno lwarulana na wi,bakuka
3373,lumarachi lwakhonya abakhana khutsia khukhola sina,khudekha
3373,oyo achaka kuria si,biakhulia
3373,abola alaria sina tsiosi,chinjugu
3373,khumera nagwa wina,carox achx
3373,carox aula mulukongo sina,nyapera
3373,luluya ni lusungo lwa wi,lwawamama
3373,oyo yatsia khuria si ,biakhulia
3373,khura sina siduyu siakalukha mundalo ya mukofu,khasikhaba nisiikure khaba
3373,carox alura mulukongo sina,nyapera
3373,khuari nende esimuna nende omukofi riina,khare
3373,khuvera sina siduyu siakalukha mudala lia kukhu,nisiikure khaba
3374,omukofu yari nende sina,indalo
3374,kahre omukofu yariiwo nende wina,siduuyu
3374,alibaha sina ,lidoi
3374,akaluhe mu si,mdala
3374,siduyu anywetsanga si,bwelo
3374,yari inyanga ndala ya si,luliluo
3374,bari omukofu nde wi,siduyu
3374,yebakha sina ,lidoi
3374,siduyu siatsa khuraka stinjugu ena,mundalo
3374,khubera sina siduyu sieba tsinjugu,kahsisyaraka tsinjugu khaba
3374,siduyu siatsa khuraka sina,tsinjugu
3377,ndajama khulomaloma lusungo sina,lumarachi
3377,shax atix ari nende emiika kinga,13
3377,sharon yeebulwa ena,bumarachi
3377,sharon alulanga lukongo sina,bumarachi
3377,alomaloma lumarachi miakak si,kiasi
3377,mumera anangire wi,sharon
3377,shax atix ari nende mika kinga,13
3377,ari nende miaka tsinga,ekhumi nende kidaru
3377,ajama kukhola si,kulomaloma
3377,khubera sina lydia alaendelesya khulomaloma olumarachi,yalujama lukari
3377,khumeera nangwa  wina,shax atix
3377,oyo ajama si,lumarachi
3377,shax atix ari nende emiika kinga,ekhumi nende kidaru
3377,ni wiina owalonga sialo,nyasaye
3377,sharon alomalomanga endie olumarachi ni khasiyeebulwa ebumarachi,yekesibwa khulomaloma
3377,khumera naangwa wina,shax atix
3380,khumera baananga wina,lidx akix
3380,lidx akix arulanga yena,butula
3380,omusiani wabwe yafwa omwosi sina,8
3380,musiani wabu lydia yafwira yena,nairobi
3380,khubeera sina lydia barula nairobi nibalira,bari nibakingire mubiri kwa musiani wabwe
3380,lidx akix alula lukongo sina ,butula 
3380,rifua ria musiani wefu riaba muosi sina,munane
3380,musiani wabu lidx akix yafwira ena,nairobi 
3380,khubera sina abandu baba nibarira nikhurula nairobi,omusiani yari naafwire
3380,omusiani wabwe lydia yafwa omwosi sina,okwa munane
3380,khumera naangwa wina,lidx akix
3385,lumarachi lulomwalomwa nde wi,bamarachi
3385,oyo nde mama waye batsia ena ,eldoret
3385,niba nina si,imutoka
3385,bari iula saa tsinga ,saa kumi nende tsibiri
3385,mama arula nde wi,hotsa
3387,wina abeekhonyeranga olumarachi,abamarachi
3387,abamarachi bamenya ena,ebumarachi
3387,ni wina abakororue khulomaloma lusuairi nende lusungu,abakofu
3387,wina abari nibakorwa oluswairi khare,abakofu
3387,khubera sina sai khasibienyekhana olomalome lumarachi musikuli,abandu basomananga mulusungu nende lusuairi
3387,olusungo sina olulomalomerwa,olumarachi
3387,olumarachi lulomwalomwanga yena,ebumarachi
3387,olumarachi lulomwalomwanga nende tsimbia tsiamenya ena,bumala
3387,khare abandu basunganga olumarachi nibakhola sina,nibasoma
3387,khulwasina bana benyanga khurumihira lumarachi musikuli,khasiluekesibuanga
3387,khuubera sina abana beibanga jgurumikhira lumarachi musikuli,khasiluekesibuanga khaba
3388,mulukongo wao bari nde wi,mukofu
3388,vamwiiiira ena,msivitali
3388,mulukongo olo sina simkholere ,afuire
3388,vandu si vari nende huzuni  mdala,vasavi
3388,vakofu vavole vamarachi vakhole si,vajamane
4224,omukhulundu sina owainisia amalako ka korona musibala sia kenya,uhuru kenyatta
4224,korona bualura musibala sina,china 
4224,korona ni bulwaye buri burie,bumanu lukari
4224,omuyaka kwa korona kurulananga nende sina,butsafu
4224,koronya yanyaasia endie amasomo,basomi beekhala mudala 
4226,obulwaye bunangirwe si,korona
4226,obulware bwarula sialo si,china
4226,bulwaye buno bwatema si,msialo siosi
4226,khusunga obwadodo buno ni,obulware
4226,babole barire si ,biakhuria ebirera amami
4227,omuruki sina owafua khubeera obutsitsi bwa korona,magufuli
4227,buluare bwa korona burera makhua sina,amabi
4227,buluare bwa korona bwalura yena,china
4227,buluare bwa korona bwera abandu banga musibala sia kenya,abandu bangi
4227,korona yakhole endie amasomo kakalukhya inyuma,bikuli bairi nibiikalwe
4228,buluare bwa korona bukholere malayi khushira sina,amabi
4228,sina esiabadilishwa mubikuli,ikalenda
4228,abandu banyola sina khululana nende korona,amapesa
4228,korona buatsaka omwika sina,2019
4228,obulware bwa korona buakhonya endie abaana bakhera khuikhala mudaala ,bikuli biafungwa nibadonga mumadala
4228,korona buatsakira yena,buindi
4228,buluare bwa korona buakhonya abana abajama khuikhala yena,mudala
4228,abaana bakhana bangi banyola sina ebikha bia korona,tsinda
4228,ebikha bia korona abandu banyola tsisende tsia khukhorera sina,khusomesya abaana musikuli
4228,buluare bwa korona bwatsaka omwika sina,2019
4228,khubeera sina ikalenda yakalukhanisibwa,bikuli biari nibiikale khu bikha bilayi
4228,buluare sina obulomalomerwe ,korona
4228,abaana bandi bakhana banyola sina ebise bia korona,tsinda
4228,olwa khwakobola musikuli ikalenda yari niikhorerwe yende,niikalukhasibwe
4228,abandu banyola endie amapesa ebikha bia korona,khukusia tsimaski
4231,kuri mwaka kwa elfu tsinga ,ishirini
4231,wina abatangasia ihali eya khaari mukenya,abeemeresi ba bulamu
4231,omundu ari nende korona ni hatari khu abandu sina,abandu babula korona
4231,korona buatsaka omwika sina,2019
4231,weenyekhana khusaba endie ebikha bia korona,khusaba nende amatsi karonya
4231,obulware bwa korona buakhola malayi khushira sina,mabi
4231,buluare bwa korona bukholere amakhua malayi khushira akarina,amabi
4231,ni wiina abataangasia mbari korona yakhaba indulu,abeemeresi
4231,abeemeresi batangasia mbari korona yakhaba indulu omwosi sina,kokwa khudaru
4231,khubeera sina beemeresia baatangasia mbari korona yakhaba indulu,obuluare buari nibwakhoola kenya
4231,obulware bwa korona bukholere amakhua sina,malayi
4231,avatangasia uhuchaka khwa vulware si ,korona
4231,mushiva vuachaka khukhola si,huira vandu
4231,kuri mwika kwala elfu si,tsiviri
4231,mundu anyorehana nde si,virusi
4233,obulware buno ni obulware bwa si,korona
4233,korona bwarula ena,china
4233,wina atangasie obulware bwa korona,muhongo kwa usafi
4233,muhongo bwa si abola bulware buni kamasa ihoma,sialo
4233,serikali yavola vandu vafuale si,tsibarakoa
4233,mukhungo kwa si kwabola bulwaye buno buri sa nga ikhoma ,sialo
4234,buri obulware si,korona
4234,ovulware vuno varisanga si ,myaka
4234,vasomi vari ena,huchitabu
4234,batsie mkanisa kweli,dawe
4234,vavola vando vasave si,mikhono
4236,obuluare bulomwalomakho ni buluare sina,korona
4236,korona bwatsaka mwika sina,2019
4236,korona bwatsakira ena,china
4236,abandu nibarumukhiranga amatsi nende sina khesaba,isabuni
4236,korona bukholanga endie mundu,bunyasianga ingira ya khuyera
4237,buri obulware si ,korona
4237,obulware bwaruria ena,china
4237,sikuli siakhola si,vifungwe
4237,rais abola baana behale ena ,mdala
4237,vandu vakose si,kasi/mirimo
4240,nolalonda amalako ka korona bakhukoba yena,muuseli
4240,ni wina abalakhudira noolalonda amalako ka korona,abasikari
4240,buluare bwa korona bualura musibala sina,china
4240,korona buatsaka omwika sina,2019
4240,khubeera sina abasikari baba abalulu,abandu sibalondanga amalako khaba
4242,vulware vunangirwa si ,korona
4242,vuchakire mwesi si,kwadaru
4242,wina abola vikuli vifungwe,omuruchi
4242,banafunzi vakaluha ena,mumadala
4242,omuruchi tangasie sina sifungwe tena,tsikanisa
4242,vulwaye bualangirwa si,korona
4244,okhoyere osabe sina noleenyanga khunyola korona,mikhono
4244,korona buitsa mukenya khurula yena,china
4244,korona buatsaka mwika sina,2019
4244,buluare bwa korona bwatsaka omwika sina,2019
4244,khubera sina korona ni bumanu,buanyasia inganga nende masomo
4244,tsimaski tsifunikhanga sina,omunwa
4244,tsimaski beefualanga yena,khumunwa nende moolu
4244,omuruki sina owainia amalako ka ebiiro khuikalwa,uhuru kenyatta
4244,korona bualura sibala sina,china
4244,omukhulundu uhuru yainisia amalako khubeera sina,khunyaasia khulangala khwa korona
4247,kwali omwosi si,kwadaru
4247,wina atangasie buluare bwa korona,omuruchi
4247,omuruchi atangasie si,bikuli bifungwe
4247,bandu bangi bakhole si,bafwa
4247,korona bwakira kwakosia bandu si,bahongohongo
4247,buluare bwa korona bwatangasibwa nende wina ,omuruchi
4247,korona buakira khwakosia bandu si ,bahongohongo
4249,inyanga ndala ndari ena,khungira
4249,ndari khungira niijia ena,khusikuli
4249,korona bualura musibala sina,china
4249,korona buatsaka omwika sina,2019
4249,khubera tsina khasiookhoyere odire bindu noolapangusisie,onyala wanyola obuluare bwa korona
4250,buluare sina obwetsa musibala sia kenya,korona
4250,abandu bakhoyere beesabe nende sina,isabuni
4250,korona bwira abandu banga,abandu bangi
4250,korona buatsaka omwika sina,2019
4250,khubera sina obulamu buari budinyu bise bia korona,burishindu sianina
4250,abandu beesabe nende sina,isabuni
4256,nibatangasia khubao okhwa korona khuri khuepanganga hutsia ena,musikuli
4256,buluare sina obweera abandu bangi,korona
4256,ni wina owabola mbari bikuli biikalwe,mwemeresi wa bulamu
4256,korona yatsaka omwika sina,2019
4256,khubeera sina mwemeresi wa bulamu yeekala bikuli,khunyasia khusalana khwa sikoko sia korona
4256,mwemeresi wa bulamu yeekala bikuli khubeera sina,korona
4257,vulware vwa korona ni si ,vuvi
4257,vwetsa nwesi si,kwadaru
4257,yari inyanga ya si,isikuli
4257,wina yetsire kutangasi mparedi,mwalimu mkuu
4257,vulwaye vuahaya kukhola si,kuvua
4257,bwenza mwesi si,kwadaru
4257,bulwaye buakhaya khukhola si,kuvua
4260,ni wiina osikhanga obuluare,dakitari
4260,dakitari asirikhanga buluare sina,korona
4260,buluare bwa korona buatsaka omwosi sina,omwisi kwa tisa
4260,korona bualura musibala sina,china
4260,khubeera sina abandu beefuala ebikamata bia khumoolu,baranyola obuluare bwa korona
4260,ne wina osirikhanga buluare bua korona ,dakitari
4262,obulware ni bwa si,korona
4262,bwarula sialo si,china
4262,kwabera  mwesi si,kwadaru
4262,obulware bwakira wi,omuruchi
4262,sina sifungwa tsiosi,tsikanisa
4262,bulwaye buakhira wi,omuruchi
4264,khare abandu baritsanga buluare sina,ikhoma
4264,obuluare bwa korona bukhorere makhua sina,amakhua malayi
4264,buluare bwa korona buatsakira musibala sina,china
4264,balware bwa korona bakhoyere bedonge yena,mumadala 
4264,khubeera sina abndu babula esia khukhola vise bia korona,miromo kiikalwa
4264,abandu baritsanga buluare sina,ikhoma
4265,korona bwarula hena,china
4265,basafari kumpaka si,kisumu
4265,ovulware vunangirwa si,korona
4265,yari itare si,19
4265,mnendi msialo si,kenya
4265,korona buarula sialo si,china
4265,bulware vunendi vuirire wi,vandu
4265,bulwaye bualangwa si,korona
4265,kuri tarehe si,ekhumi nde sita
4265,magufuli yavola vandu vafuale si,sirega
4265,mama banga bari nende korona ,mulala
4265,sina syafungwa,tsikasi
4265,mama nende baba bari nende si ,mulala
4269,buluare bubi ni buluari sina,korona
4269,obuluare bwa korona bwiranga wina,abandu
4269,obulware bwa korona buatsaka omwika sina,2019
4269,inyanga ndala korona buera abandu banga,2020
4269,khubeera sina abandu bafwa bga tsingokho,khubeera baba nebde korona
4273,buluare sina obulomalomerwenga,korona
4273,buluare bwa korona bualura ena,china
4273,abandu banga abafwa khubera korona,abandu bangi
4273,buluare bwa korona bwatsaka mwika si,2019
4273,khuera sina serikali yabola mbari bikuli bifungwe,khupungusya buluaye bwa korona khulandala
4273,nori nende korona weefuala sina,tsimaski
4273,serekali yaboola mbari abaandu beefwale sina,tsimaski
4273,abandu bafwa khubera sina,korona
4273,korona buatsaka omwika sina,2019
4273,khubeera sina abandu beefuale tsimaski,okhonya bandi baranyola korona
4273,weefuala sina nori nende korona,tsimaski
4273,abandu bakhoyere beeme are burambi bwa tsimita tsinga,tsibiri
4274,kwali mwaka kwa makumi si,kaviri
4274,kwakira vandu si,vamanyanga makhuwa
4274,babole vandu vafuale si,ibarakoa
4274,bulwaye vyaruhonya vana si,vyaskuli
4274,vasava wina abakhonye ,were
4276,buluare buno buri nende bikoko sina,korona
4276,obulware bua korona bwakhola burie abandu,bweera abandu
4276,buluare bwa korona bwalura musibala sina,china
4276,omukhana mulayi yari nende abeebusi abarula yena,nairobi
4276,khubeera sina abasikari batsaka khurumikhira tsibomu,khuinisya amalako ka abandu khuba munyumba
4276,obulware si bweera abandu,korona
4276,abeebusi bwa omukhana mulayi barula yena,nairobi
4277,bulware sina obulomalomerwenga,korona
4277,bulware bwa korona bukhorere amalayi khushira sina,amabi
4277,bularwe bwa korona bwalura musibala sina,china
4277,okhoyere weesabe mikhono noorumikhira sina,isabuni
4277,khubeera sina okhoyere osabe mikhono noorumikhira isabuni,khuira ebikooko bia korona
4277,weesabe mikhono nende sina,isabuni
4278,nu buluare sina obukhorere amakhua malayi khushira amabi,korona
4278,buluare bwa korona bufuanana nende sina,ihoma
4278,buluare bwa korona bwtsaka omwika sina,2019
4278,korona bualula mus sialo sina,china
4278,khubeera sina korona iri nende bulayi,yakharuekesia abindu bisabi bilayi
4278,korona buarura hena,china
4279,obulware bukholele sina ,mahua mala
4279,obulware bwachaka mwaka kwa si,2019
4279,khulura sialo si,china
4279,vandu vehale ena ,mdala
4279,vandu vafuale si,tsimaski
4279,bwachaka mwaka kwa elfu si,haviri nende ekhumi na tisa
4279,obulware bwalura sialo si,china
4280,ni buluare sina obulomalomerwanga,korona
4280,buluare bwa korona bualura ena,china
4280,buluare bwa korona bwatsaka mwika sina,2019
4280,korona bwalura mu siabala sina,china
4280,khubera sina korona iri nende obulayi,yakerere khuamanya ebindu bingi
4280,buluare sina obukhorere amalayi khutsira mamaanu,korona
4280,buluare si bualura china,korona
4280,bulurare bwa korona bwalura mu sibala sina,china
4280,khubeera sina korona iri nende amalayi khushira amaanu,yeekesie abaandu khuerinda
4280,korona buakhakhonya abandu khumanya sina,tsikasi
4280,wina oweemba olwimbo lwa korona,salome wairimu
4280,korona bwatsaka omwika sina,2019
4284,ing'ombe ni isolo ya makulu singa,kanee
4284,ing'ombe ilondehana nde sina,tsifaida
4284,ifaida ya kwa ni si,mabere
4284,mundu ari nende tsing'ombe syakosa si,mapesa
4284,ing'ombe iruveresiangia si ,inyama
4284,ing'ombe ni isolo ya si,makulu kanee
4284,ifaida ya kwanza ni si,mabere
4286,ing'ombe ni si,isolo
4286,sirukwanga nde wi,bandu bangi
4286,abandu basyama ena,lukari
4286,ing'ombe iluberasanga si,mabere
4286,sina siya ing'ombe ni msala,amabanga 
4286,eing'ombe ni si,siruki
4286,abandu basichama indie,lukari
4290,omundu khuba  msialo mno ni kubera si,nyasaye ya yalonga
4290,omundu yalongwa ni yetsa ena ,msialo
4290,nori msialo okhonya si,okhuluka einyanga ya saba
4290,no orula muikelesia okhoya kakola si,mirimo
4290,einyanga erori muchishinda wina anyala,nyasaye
4290,omundu ari  msialo mno kubera si,nyasaye ya yalonga
4290,norula mukelesia okhoya okhole  si,mirimo
4290,inyanga yori mutsishda wina onyala,nyasaye
4297,ing'ombe ni sidu silai avandu vakhola si,vajama
4297,ing'ombe iri nende sina tsimangi,manufaa
4297,ni vilai khuruke si,ing'ombe
4297,okhusia si sia ing'ombe,mavere
4297,kata sina silai osuka mnyumba,onyala
4297,ing'ombe iri nende si sisafi,manufaa
4297,ni vilai kukhola si,khuruke ing'ombe
4303,ing'ombe ni sina,siruke
4303,tsifaida tsia ing'ombe ni si ,mavere
4303,no okusia mavere onyola si,matongolo
4303,mavanga ka ing'ombe ni si,misala
4303,masinga ka ingommbe ni si,imborera
4303,ifaida ya ing'ombe ni si ,mavere
4303,masingo ka ing'ombe ni si ,imborera
4307,ing'ombe ni mruko kua ena ,mudala
4307,inyanga ndala ing'ombe tsiatsia ena ,huaya
4307,tsimbusi tsienya si,vyakuria
4307,tsimbusi tsiekisa ni tsihalaka si,mukoe
4307,vana va tsimbusi vatsia ni vachaka kukhola si ing'ombe,hununo
4307,ing'ombe irukua hena ,mudala
4307,tsimbusi tsihalaka si,mukoe
4310,ing'ombe ni isiro sina khu mundu,mudala
4310,mundu yajama kushughulikia ing'ombe ikona avundi si,pasafi
4310,ing'ombe yajama huria vindu si,ngo vunyosi
4310,ing'ombe ihonyango mundu si,uri nende ishida
4310,ing'ombe ieresia mundu si,mapesa
4310,ing'ombe yajama huria si,vunyosi
4315,simuna ni isolo imenyanga si,musi
4315,vandu vajama khubera si,sivetangasia nula
4315,kuriwo simuna nde wi,kuhu
4315,kuhu yajama wi,simuna
4315,kuhu ari nende indalo si,ingereha
4315,sina simenyanga musi,simuna
4315,khwario simuna nende wi,kukhu
4318,tsing'ombe tsiberesiananga sina esia khunyua,amabere
4318,tsingomb'e tsikholanga endie indalo,tsirimanga
4318,tsing'ombe tsingwetsanga sina khumwalo,amatsi
4318,ni wiina owaayanga tsing'ombe khulukongo,omwayi
4318,abandu bakusianga tsing'ombe khunyola sina,amapesa
4318,sina esia khunyua hurula khu tsing'ombe,amabere
4318,tsing'ombe tsingwetsanga yena amatsi,khumwalo
4318,khubeera sina abandu bakusianga tsing'ombe,khunyola amapesa
4321,ing'ombe ni sindu si,silai
4321,ing'ombe ikola sina indai,ikasi
4321,serikali ikhaya khukula si,tsing'ombe
4321,ing'ombe tsiri aina tsinga,tsibiri
4321,ing'ombe noonyala hukusia noonyola sina,mapesa
4321,ing'ombe ikholanga sina silai ,ikasi
4321,onyola sina nukusia ing'ombe,mapesa
4322,ing'ombe ni sina,isolo
4322,nookusia ing'ombe ireranga sina,amapesa
4322,sina tsingwetsanga amatsi mumwalo,ing'ombe
4322,imbusi iritsanga sina,obunyasi
4322,khubera sina abandu bakusuianga tsimbusi,khunyola amapesa
4322,ing'ombe ni si,isolo
4322,ing'ombe ingwetsanga yena amatsi,mumwalo
4332,esisolo silayi ni sina,eing'ombe
4332,ing'ombe yaayanga ena,musikuri
4332,wiina owaayanga tsing'ombe,omwayi
4332,ing'ombe idwasi ikholanga mirimo sina,irimanga
4332,khubeera tsina abandu baristianga sting'ombe,ili tsikhomere
4332,khubera sina bandu barisianga tisng'ombe ,tsikhomere
4376,winyikhana ofwale sina noori mubandu,tsimaski
4376,abandu baboorerwa mbari beefwale tsimaski nibari yena,khumikhuung'ano
4376,obulware bwa korona bwatsaka omwika sina,2019
4376,obuluare bwa korona bwarula yena,china
4376,khubeera sina tsikanisa nende bikuli biekalwa,khukhayisia sikoko sia korona khuraandala
4376,mundu afwale sina nari mubandu,tsimaski
4376,abandu beefwale sina nibari khumikhuung'ano,tsimaski
